A11111,Dalton,Waylon,A1,FALSE
A11112,Cruz,Marcus,A2,FALSE
A11113,Randolph,Eddie,A3,FALSE
A11114,Hartman,Hadassah,A1,FALSE
A11115,Henderson,Justine,A1,FALSE
A11116,Lang,Abdullah,A2,FALSE
A11117,Little,Mathias,A1,FALSE
A11118,Shaffer,Joanna,A2,FALSE
A11119,Shelton,Lia,A1,FALSE
A11120,Sheppard,Jonathon,A2,FALSE
A11121,Ochoa,Trevin,A3,FALSE
A11122,Dunn,Addison,A3,FALSE
A11123,Bullock,Kendall,A1,FALSE
A11124,Fuller,Sara,A2,FALSE
A11125,Busaid,Fahad,A3,FALSE
A11126,Smith,John,A3,FALSE
A11127,Finley,Pope,A1,FALSE
A11128,Nora,Conrad,A1,FALSE
A11129,Piper,Buchanan,A1,FALSE
A11130,Lucy,Keith,A1,FALSE
A11131,Naima,Pena,A1,FALSE
A11132,Trevon,Wilkerson,A1,FALSE
A11133,Nick,Lowery,A1,FALSE
A11134,Aarav,Welch,A2,FALSE
A11135,Kamari,Noble,A2,FALSE
A11136,Adrienne,Mcbride,A2,FALSE
A11137,Jakobe,Walton,A2,FALSE
A11138,Salma,Benitez,A2,FALSE
A11139,Pranav,Reed,A2,FALSE
A11140,Yoselin,Bradford,A2,FALSE
A11141,Dereon,Mccormick,A3,FALSE
A11142,Demetrius,Jordan,A3,FALSE
A11143,Alfredo,Lamb,A3,FALSE
A11144,Landen,Davies,A3,FALSE
A11145,Davis,Conley,A3,FALSE
A11146,Annalise,Perry,A3,FALSE
A11147,Cordell,Strong,A3,FALSE
A11148,Marina,Santana,A3,FALSE
A11149,Colt,Schmidt,A3,FALSE
A11150,Rose,Carney,A3,FALSE
A11151,Elian,Green,A3,FALSE
A11152,Alana,Bennett,A3,FALSE
A11153,Julien,Atkins,A3,FALSE
A11154,Ronan,Graves,A3,FALSE
A11155,Francis,Erickson,A1,FALSE
A11156,Rhett,Rogers,A1,FALSE
A11157,Anya,Byrd,A1,FALSE
A11158,Braylon,Barrett,A1,FALSE
A11159,Brittany,Peck,A1,FALSE
A11160,Tomas,Leach,A1,FALSE
A11161,Dana,Collins,A1,FALSE
A11162,Mateo,Chavez,A1,FALSE
A11163,Max,Travis,A1,FALSE
A11164,Harley,Hoover,A1,FALSE
A11165,Makaila,Nelson,A1,FALSE
A11166,Alexander,Woods,A1,FALSE
A11167,Kendrick,Werner,A1,FALSE
A11168,Sloane,Soto,A1,FALSE
A11169,Eden,Mckee,A1,FALSE
A11170,Roselyn,Stewart,A1,FALSE
A11171,Kelvin,Burke,A1,FALSE
A11172,Rhys,Warner,A2,FALSE
A11173,Jett,Harvey,A2,FALSE
A11174,Jaquan,Combs,A2,FALSE
A11175,Natalie,Mann,A2,FALSE
A11176,Cristal,Morton,A2,FALSE
A11177,Hassan,Reynolds,A2,FALSE
A11178,Mariah,Murphy,A2,FALSE
A11179,Arnav,Garrett,A2,FALSE
A11180,Taliyah,Bryant,A2,FALSE
A11181,Lisa,Riddle,A2,FALSE
A11182,Lauren,Schultz,A2,FALSE
A11183,Karsyn,Sosa,A2,FALSE
A11184,Camron,Jackson,A2,FALSE
A11185,Chad,Garcia,A2,FALSE
A11186,Thaddeus,Burnett,A2,FALSE
A11187,Alma,Phillips,A2,FALSE
A11188,Lance,Huff,A2,FALSE
A11189,Celia,Sawyer,A2,FALSE
A11190,Ava,Decker,A2,FALSE
A11191,Hayden,Hudson,A2,FALSE
A11192,Roberto,Mcintyre,A2,FALSE
A11193,Addyson,Wheeler,A2,FALSE
A11194,Angie,Francis,A2,FALSE
A11195,Lucia,Pierce,A2,FALSE
A11196,Lucille,Keller,A2,FALSE
A11197,Kiera,Schaefer,A2,FALSE
A11198,Lilian,Young,A2,FALSE
A11199,Gia,Wells,A1,FALSE
A11200,Cecelia,Moses,A1,FALSE
A11201,Dean,Luna,A1,FALSE
A11202,Keyla,Bishop,A1,FALSE
A11203,Hector,Singh,A1,FALSE
A11204,Griffin,Rivas,A1,FALSE
A11205,Owen,Powell,A1,FALSE
A11206,Salvatore,Chen,A1,FALSE
A11207,Izabella,Hodges,A1,FALSE
A11208,Tyshawn,Cowan,A1,FALSE
A11209,Jaslene,Burns,A1,FALSE
A11210,Ashley,Short,A1,FALSE
A11211,Alivia,Acosta,A1,FALSE
A11212,Tara,Osborn,A1,FALSE
A11213,Sage,Gentry,A1,FALSE
A11214,Darryl,Kent,A1,FALSE
A11215,Marisa,Howell,A1,FALSE
A11216,Enzo,Barrera,A1,FALSE
A11217,Jaxon,Esparza,A1,FALSE
A11218,Elaine,Arnold,A1,FALSE
A11219,Brenda,Hatfield,A1,FALSE
A11220,Abel,Frost,A1,FALSE
A11221,Chasity,Zavala,A1,FALSE
A11222,Reece,Harris,A1,FALSE
A11223,Dwayne,Davenport,A1,FALSE
A11224,Nathaniel,Sandoval,A1,FALSE
A11225,Giuliana,Hull,A1,FALSE
A11226,Kristin,Lambert,A1,FALSE
A11227,Kade,Rodgers,A1,FALSE
A11228,Dexter,Mccoy,A1,FALSE
A11229,Liliana,Hooper,A3,FALSE
A11230,Anne,Carr,A3,FALSE
A11231,Kaiden,Flynn,A3,FALSE
A11232,Alice,Bailey,A3,FALSE
A11233,Jaydon,Brandt,A3,FALSE
A11234,Naima,Lowe,A3,FALSE
A11235,Jabari,Browning,A3,FALSE
A11236,Barbara,Fox,A3,FALSE
